,alt_names,flags,system,names,list,separation,position_angle,mass,magUltraviolet,magBlue,magH_nearinf,magInfared,magJ_nearinf,magK_nearinf,magVisual,magL_nq_midinfared,magM_midinfared,magN_midinfared,distance,periastron,right_ascension,declination,inclination,parent_obj,child_obj,stars,period,semi_major_axis,eccentricity,longitude,ascending_node
0,"['16 Cyg AC', 'WDS J19418+5032 A']",Flags(lculated Period'),System('16 Cygni'),16 Cygni AC,[],72.0 au,209,,,,,,,,,,,,21.146 pc,,,,,Binary('16 Cygni'),"[Star('16 Cygni A'), Star('16 Cygni C')]","[Star('16 Cygni A'), Star('16 Cygni C')]",,,,,
1,"['16 Cyg', 'WDS J19418+5032']",Flags(lculated Period'),System('16 Cygni'),16 Cygni,[],836.5 au,133.30,,,,,,,,,,,,21.146 pc,,,,,System('16 Cygni'),"[Binary('16 Cygni AC'), Star('16 Cygni B')]","[Binary('16 Cygni AC'), Star('16 Cygni B')]",,,,,
2,"['2M0441+2301 A', '2M0441+2301 Aab', '2MASS J04414565+2301580']",Flags(lculated Period'),System('2M 044144'),2M 044145,[],34.0 au,79.61,,,,,,,,,,,,145.0 pc,,,,,Binary('2M0441+2301'),"[Star('2M0441+2301 Aa'), Star('2M0441+2301 Ab')]","[Star('2M0441+2301 Aa'), Star('2M0441+2301 Ab')]",,,,,
3,['2M0441+2301 AabBab'],Flags(lculated Period'),System('2M 044144'),2M0441+2301,[],1800.0 au,237.3,,,,,,,,,,,,145.0 pc,,,,,System('2M 044144'),"[Binary('2M 044145'), Star('2M 044144')]","[Binary('2M 044145'), Star('2M 044144')]",,,,,
4,"['Kepler-451', 'KIC 9472174', '2MASS J19383260+4603591', 'WISE J193832.61+460358.9', 'TYC 3556-3568-1', 'NSVS 5629361']",Flags(),System('2M 1938+4603'),2M 1938+4603,[],,,,,,,,,,,,,,400.8 pc,,,,69.45,System('2M 1938+4603'),"[Star('2M 1938+4603 A'), Star('2M 1938+4603 B'), Planet('2M 1938+4603 b')]","[Star('2M 1938+4603 A'), Star('2M 1938+4603 B'), Planet('2M 1938+4603 b')]",0.125765282,0.00414,,,
5,"['2MASS J0249-0557', 'Gaia DR2 5183875103632956032']",Flags(lculated Period'),System('2MASS J02495639-0557352'),2MASS J02495639-0557352,[],2.17 au,233.1,,,,,,,,,,,,48.9 pc,,,,,System('2MASS J02495639-0557352'),"[Star('2MASS J02495639-0557352 A'), Star('2MASS J02495639-0557352 B'), Planet('2MASS J02495639-0557352 c')]","[Star('2MASS J02495639-0557352 A'), Star('2MASS J02495639-0557352 B'), Planet('2MASS J02495639-0557352 c')]",,,,,
6,"['30 Arietis A', 'HD 16246', 'HIP 12189', 'TYC 1771-1398-1', 'SAO 75471', 'HR 765', 'BD+24 376', '2MASS J02370051+2438500', 'WDS J02370+2439 A']",Flags(),System('30 Ari'),30 Ari A,[],,,,,,,,,,,,,,45.2 pc,281.4 deg,,,,Binary('30 Ari'),"[Star('30 Ari Aa'), Star('30 Ari Ab')]","[Star('30 Ari Aa'), Star('30 Ari Ab')]",1.1095,0.02,0.06,,
7,['RAO 8'],Flags(lculated Period'),System('30 Ari'),30 Ari BC,[],22.3 au,285.2,,,,,,,,,,,,45.2 pc,,,,,Binary('30 Ari'),"[Star('30 Ari B'), Star('30 Ari C')]","[Star('30 Ari B'), Star('30 Ari C')]",,,,,
8,"['30 Arietis', 'WDS J02370+2439', 'STFA 5']",Flags(lculated Period'),System('30 Ari'),30 Ari,[],1580.0 au,275,,,,,,,,,,,,45.2 pc,,,,,System('30 Ari'),"[Binary('30 Ari A'), Binary('30 Ari BC')]","[Binary('30 Ari A'), Binary('30 Ari BC')]",,,,,
9,"['WDS J04376-0228 C', 'KAS 1', '2MASS J04373746-0229282', 'WAL 32 B']",Flags(),System('51 Eri'),GJ 3305,[],,,,,,,,,,,,,,29.4 pc,-69.0 deg,,,92.1,Binary('WDS J04376-0228'),"[Star('GJ 3305 A'), Star('GJ 3305 B')]","[Star('GJ 3305 A'), Star('GJ 3305 B')]",10650,9.80,0.19,,18.8
10,['WAL 32'],Flags(lculated Period'),System('51 Eri'),WDS J04376-0228,[],1960.0 au,163,,,,,,,,,,,,29.4 pc,,,,,System('51 Eri'),"[Binary('GJ 3305'), Star('51 Eri')]","[Binary('GJ 3305'), Star('51 Eri')]",,,,,
11,"['55 Cnc', 'rho01 Cancri', 'rho01 Cnc', 'Rho¹ Cancri', 'Rho¹ Cnc', 'Rho-1 Cancri', 'Rho-1 Cnc', 'ρ1 Cancri', 'ρ1 Cnc', 'ρ¹ Cancri', 'ρ¹ Cnc', 'Gliese 324', 'GJ 324', 'BD+28 1660', 'WDS J08526+2820 AB', 'LDS 6219 AB']",Flags(lculated Period'),System('55 Cancri'),55 Cancri,[],1033.0 au,130,,,,,,,,,,,,12.5901 pc,,,,,System('55 Cancri'),"[Star('55 Cancri A'), Star('55 Cancri B')]","[Star('55 Cancri A'), Star('55 Cancri B')]",,,,,
12,"['83 Leo', 'Gliese 429', 'GJ 429', 'WDS J11268+0301', 'STF 1540']",Flags(lculated Period'),System('83 Leonis'),83 Leonis,[],515.0 au,150,,,,,,,,,,,,17.79 pc,,,,,System('83 Leonis'),"[Star('83 Leonis A'), Star('83 Leonis B')]","[Star('83 Leonis A'), Star('83 Leonis B')]",,,,,
13,"['91 Aqr BC', 'psi01 Aqr BC', 'Psi-1 Aquarii BC', 'ψ1 Aqr BC', 'ψ1 Aquarii BC', 'HD 219449 BC', 'HIP 114855 BC', 'SAO 146598 BC', 'Gliese 893.2 BC', 'GJ 893.2 BC', 'GJ 9815 BC', 'BD-09 6156 BC', 'WDS J23159-0905 BC']",Flags(),System('91 Aquarii'),91 Aquarii BC,[],,,,,,,,,,,,,,45.93 pc,145.0 deg,,,87.0,Binary('91 Aquarii'),"[Star('91 Aquarii B'), Star('91 Aquarii C')]","[Star('91 Aquarii B'), Star('91 Aquarii C')]",30540,21.5,0.448,,104.1
14,"['91 Aqr', 'psi01 Aqr', 'Psi-1 Aquarii', 'ψ1 Aqr', 'ψ1 Aquarii', 'HD 219449', 'HIP 114855', 'SAO 146598', 'Gliese 893.2', 'GJ 893.2', 'GJ 9815', 'BD-09 6156', 'WDS J23159-0905']",Flags(lculated Period'),System('91 Aquarii'),91 Aquarii,[],2267.0 au,313,,,,,,,,,,,,45.93 pc,,,,,System('91 Aquarii'),"[Binary('91 Aquarii BC'), Star('91 Aquarii A')]","[Binary('91 Aquarii BC'), Star('91 Aquarii A')]",,,,,
15,"['Aldebaran AB', 'Alpha Tauri', 'α Tau', 'α Tauri', '87 Tau', '87 Tauri', 'Gliese 171.1', 'GJ 171.1', 'GJ 9159', 'WDS J04359+1631', 'BU 550']",Flags(lculated Period'),System('alf Tau'),alf Tau AB,[],645.0 au,113,,,,,,,,,,,,20.43 pc,,,,,System('alf Tau'),"[Star('alf Tau'), Star('alf Tau B')]","[Star('alf Tau'), Star('alf Tau B')]",,,,,
16,"['alf Cen', 'α Cen', 'α Centauri', 'Rigil Kentaurus', 'Rigil Kent', 'Toliman', 'Bungula', 'CD-60 5293', 'CPD-60 5483', 'WDS J14396-6050', 'RHD 1']",Flags(),System('Alpha Centauri'),Alpha Centauri,[],,,,,,,,,,,,,,1.295 pc,231.65 deg,,,79.20,Binary('Alpha Centauri'),"[Star('Alpha Centauri A'), Star('Alpha Centauri B')]","[Star('Alpha Centauri A'), Star('Alpha Centauri B')]",29187.1,23.518,0.5179,,204.85
17,[],Flags(lculated Period'),System('Alpha Centauri'),,[],,,,,,,,,,,,,,1.295 pc,,,,,System('Alpha Centauri'),"[Binary('Alpha Centauri'), Star('Proxima Centauri')]","[Binary('Alpha Centauri'), Star('Proxima Centauri')]",,15000,,,
18,[],Flags(),System('DP Leo'),DP Leo,[],,,,,,,,,,,,,,400.0 pc,,,,,System('DP Leo'),"[Star('DP Leo A'), Star('DP Leo B'), Planet('DP Leo b')]","[Star('DP Leo A'), Star('DP Leo B'), Planet('DP Leo b')]",0.0625,,,,
19,[],Flags(lculated Period'),System('EPIC 201208431'),,[],,,,,,,,,,,,,,233.4 pc,,,,,System('EPIC 201208431'),"[Star('EPIC 201208431'), Star('EPIC 201208431 B')]","[Star('EPIC 201208431'), Star('EPIC 201208431 B')]",,,,,
20,[],Flags(lculated Period'),System('EPIC 201384232'),,[],,,,,,,,,,,,,,343.0 pc,,,,,System('EPIC 201384232'),"[Star('EPIC 201384232'), Star('EPIC 201384232 B')]","[Star('EPIC 201384232'), Star('EPIC 201384232 B')]",,,,,
21,[],Flags(lculated Period'),System('EPIC 201403446'),,[],,,,,,,,,,,,,,362.0 pc,,,,,System('EPIC 201403446'),"[Star('EPIC 201403446'), Star('EPIC 201403446 B')]","[Star('EPIC 201403446'), Star('EPIC 201403446 B')]",,,,,
22,['K2-35'],Flags(lculated Period'),System('EPIC 201549860'),EPIC 201549860,[],,,,,,,,,,,,,,249.0 pc,,,,,System('EPIC 201549860'),"[Star('EPIC 201549860 A'), Star('EPIC 201549860 B')]","[Star('EPIC 201549860 A'), Star('EPIC 201549860 B')]",,,,,
23,[],Flags(lculated Period'),System('EPIC 201629650'),,[],,,,,,,,,,,,,,290.0 pc,,,,,System('EPIC 201629650'),"[Star('EPIC 201629650'), Star('EPIC 201629650 B')]","[Star('EPIC 201629650'), Star('EPIC 201629650 B')]",,,,,
24,"['K2-22', '2MASS J11175587+0237086']",Flags(lculated Period'),System('EPIC 201637175'),EPIC 201637175,[],430.0 au,227,,,,,,,,,,,,225.0 pc,,,,,System('EPIC 201637175'),"[Star('EPIC 201637175 A'), Star('EPIC 201637175 B')]","[Star('EPIC 201637175 A'), Star('EPIC 201637175 B')]",,,,,
25,[],Flags(lculated Period'),System('EPIC 201702477'),,[],,,,,,,,,,,,,,673.0 pc,,,,,System('EPIC 201702477'),"[Star('EPIC 201702477'), Star('EPIC 201702477 B')]","[Star('EPIC 201702477'), Star('EPIC 201702477 B')]",,,,,
26,[],Flags(lculated Period'),System('EPIC 201828749'),,[],,,,,,,,,,,,,,146.0 pc,,,,,System('EPIC 201828749'),"[Star('EPIC 201828749'), Star('EPIC 201828749 B')]","[Star('EPIC 201828749'), Star('EPIC 201828749 B')]",,,,,
27,[],Flags(lculated Period'),System('eps Coronae Borealis'),WDS J15576+2653,[],136.0 au,10,,,,,,,,,,,,67.9 pc,,,,,System('eps Coronae Borealis'),"[Star('eps Coronae Borealis'), Star('eps Coronae Borealis B')]","[Star('eps Coronae Borealis'), Star('eps Coronae Borealis B')]",,,,,
28,"['eps Ind B', 'eps Indi B', 'ε Ind B', 'ε Indi B', 'GJ 845 B', 'Gliese 845 B', 'CI Indi', 'CI Ind', '2MASS J22041052-5646577', 'WDS J22034-5647 B']",Flags(),System('Epsilon Indi'),Epsilon Indi B,[],,,,,,,,,,,,,,3.6389 pc,316.99 deg,,,75.90,Binary('Epsilon Indi'),"[Star('Epsilon Indi Ba'), Star('Epsilon Indi Bb')]","[Star('Epsilon Indi Ba'), Star('Epsilon Indi Bb')]",4165.09,2.61,0.47,,148.58
29,"['eps Ind', 'eps Indi', 'ε Ind', 'ε Indi', 'GJ 845', 'Gliese 845', 'WDS J22034-5647']",Flags(lculated Period'),System('Epsilon Indi'),Epsilon Indi,[],1460.0 au,88,,,,,,,,,,,,3.6389 pc,,,,,System('Epsilon Indi'),"[Binary('Epsilon Indi B'), Star('Epsilon Indi A')]","[Binary('Epsilon Indi B'), Star('Epsilon Indi A')]",,,,,
30,"['FL Lyrae', 'HD 179890', 'HIP 94335', 'TYC 3542-1492-1', 'SAO 48190', 'BD+46 2641', 'KIC 9641031', '2MASS J19120487+4619269']",Flags(),System('FL Lyr'),FL Lyr,[],,,,,,,,,,,,,,130.0 pc,0.0 deg,,,85.9,System('FL Lyr'),"[Star('FL Lyr A'), Star('FL Lyr B'), Planet('FL Lyr b')]","[Star('FL Lyr A'), Star('FL Lyr B'), Planet('FL Lyr b')]",2.1781542,,0.0002,,
31,['WDS J22577-2937 AB'],Flags(lculated Period'),System('Fomalhaut'),SHY 106,[],56000.0 au,187.88,,,,,,,,,,,,7.704 pc,,,,,Binary('MAM 1'),"[Star('Fomalhaut A'), Star('Fomalhaut B')]","[Star('Fomalhaut A'), Star('Fomalhaut B')]",,,,,
32,['WDS J22577-2937 AC'],Flags(lculated Period'),System('Fomalhaut'),MAM 1,[],160000.0 au,337.91,,,,,,,,,,,,7.704 pc,,,,,System('Fomalhaut'),"[Binary('SHY 106'), Star('Fomalhaut C')]","[Binary('SHY 106'), Star('Fomalhaut C')]",,,,,
33,['2MASS J04292971+2616532'],Flags(lculated Period'),System('FW Tau'),FW Tau,[],11.0 au,3.4,,,,9.68,,10.34,9.39,,,,,145.0 pc,,,,,System('FW Tau'),"[Star('FW Tau A'), Star('FW Tau B'), Planet('FW Tau b')]","[Star('FW Tau A'), Star('FW Tau B'), Planet('FW Tau b')]",,,,,
34,"['Gamma Cephei', 'gam Cep', 'γ Cep', 'γ Cephei', '35 Cep', '35 Cephei', 'Errai', 'Alrai', 'Gliese 903', 'GJ 903', 'HR 8974', 'HD 222404', 'HIP 116727', 'TYC 4606-3584-1', 'BD+76 928', '2MASS J23392083+7737563', 'WDS J23393+7738', 'NHR 9']",Flags(),System('gamma Cephei'),gamma Cephei,[],,,,,,,,,,,,,,13.523 pc,161.9 deg,,,101.1,System('gamma Cephei'),"[Star('gamma Cephei A'), Star('gamma Cephei B')]","[Star('gamma Cephei A'), Star('gamma Cephei B')]",27041,20.18,0.401,,14.2
35,"['gam Leo', 'γ Leonis', 'γ Leo', '41 Leonis', '41 Leo', 'Algieba', 'Al Gieba', 'HIP 50583', 'BD+20 2467', 'WDS J10200+1950', 'STF 1424']",Flags(lculated Period'),System('Gamma Leonis'),Gamma Leonis,[],177.0 au,127,,,,,,,,,,,,38.5 pc,,,,,System('Gamma Leonis'),"[Star('Gamma-1 Leonis'), Star('Gamma-2 Leonis')]","[Star('Gamma-1 Leonis'), Star('Gamma-2 Leonis')]",,,,,
36,"['Gliese 229', 'WDS J06106-2152', 'NAJ 1']",Flags(lculated Period'),System('GJ 229'),GJ 229,[],39.1 au,168,,,,,,,,,,,,5.75 pc,,,,,System('GJ 229'),"[Star('GJ 229'), Star('GJ 229 B')]","[Star('GJ 229'), Star('GJ 229 B')]",,,,,
37,"['Gliese 725', 'BD+59 1915', 'WDS J18428+5938', 'STF 2398', 'Σ 2398']",Flags(),System('GJ 725'),GJ 725,[],,,,,,,,,,,,,,3.52 pc,234.6 deg,,,66.0,System('GJ 725'),"[Star('GJ 725 A'), Star('GJ 725 B')]","[Star('GJ 725 A'), Star('GJ 725 B')]",149000,48.86,0.53,,136.9
38,"['GJ 15', 'Groombridge 34', 'BD+43 44', 'WDS J00184+4401']",Flags(),System('Gliese 15'),Gliese 15,[],,,,,,,,,,,,,,3.587 pc,331.0 deg,,,46,System('Gliese 15'),"[Star('Gliese 15 A'), Star('Gliese 15 B')]","[Star('Gliese 15 A'), Star('Gliese 15 B')]",457700,95.9,0.59,,243
39,[],Flags(lculated Period'),System('Gliese 3021'),,[],68.7 au,355,,,,,,,,,,,,17.62 pc,,,,,System('Gliese 3021'),"[Star('Gliese 3021 A'), Star('Gliese 3021 B')]","[Star('Gliese 3021 A'), Star('Gliese 3021 B')]",,,,,
40,[],Flags(),System('Gliese 667'),,[],,,,,,,,,,,,,,6.97 pc,,,,128,Binary('Gliese 667'),"[Star('Gliese 667 A'), Star('Gliese 667 B')]","[Star('Gliese 667 A'), Star('Gliese 667 B')]",42.15,,0.58,,313
41,[],Flags(lculated Period'),System('Gliese 667'),,[],228.0 au,142,,,,,,,,,,,,6.97 pc,,,,,System('Gliese 667'),"[Binary('Gliese 667'), Star('Gliese 667 C')]","[Binary('Gliese 667'), Star('Gliese 667 C')]",,,,,
42,[],Flags(lculated Period'),System('Gliese 676'),,[],825.0 au,135,,,,,,,,,,,,16.5 pc,,,,,System('Gliese 676'),"[Star('Gliese 676 A'), Star('Gliese 676 B')]","[Star('Gliese 676 A'), Star('Gliese 676 B')]",,,,,
43,[],Flags(lculated Period'),System('Gliese 777'),,[],2844.0 au,234,,,,,,,,,,,,15.89 pc,,,,,System('Gliese 777'),"[Star('Gliese 777 A'), Star('Gliese 777 B')]","[Star('Gliese 777 A'), Star('Gliese 777 B')]",,,,,
44,"['GJ 86', 'HD 13445', 'CD-51 532', 'CPD-51 282', 'WDS J02104-5049']",Flags(),System('Gliese 86'),Gliese 86,[],,,,,,,,,,,,,,10.783 pc,358.0 deg,,,122.6,System('Gliese 86'),"[Star('Gliese 86 A'), Star('Gliese 86 B')]","[Star('Gliese 86 A'), Star('Gliese 86 B')]",57720,69.8,0.61,,76.1
45,[],Flags(lculated Period'),System('HAT-P-14'),HAT-P-14,[],175.8 au,264.10,,,,,,,,,,,,205.0 pc,,,,,System('HAT-P-14'),"[Star('HAT-P-14 A'), Star('HAT-P-14 B')]","[Star('HAT-P-14 A'), Star('HAT-P-14 B')]",,,,,
46,[],Flags(lculated Period'),System('HAT-P-16'),HAT-P-16,[],162.5 au,153.83,,,,,,,,,,,,235.0 pc,,,,,System('HAT-P-16'),"[Star('HAT-P-16 A'), Star('HAT-P-16 B')]","[Star('HAT-P-16 A'), Star('HAT-P-16 B')]",,,,,
47,[],Flags(lculated Period'),System('HAT-P-24'),HAT-P-24,[],1958.0 au,170.872,,,,,,,,,,,,396.0 pc,,,,,System('HAT-P-24'),"[Star('HAT-P-24 A'), Star('HAT-P-24 B')]","[Star('HAT-P-24 A'), Star('HAT-P-24 B')]",,,,,
48,['WASP-51'],Flags(lculated Period'),System('HAT-P-30'),HAT-P-30,[],740.0 au,4.206,,,,,,,,,,,,193.0 pc,,,,,System('HAT-P-30'),"[Star('HAT-P-30 A'), Star('HAT-P-30 B')]","[Star('HAT-P-30 A'), Star('HAT-P-30 B')]",,,,,
49,[],Flags(lculated Period'),System('HAT-P-32'),HAT-P-32,[],831.0 au,110.624,,,,,,,,,,,,283.0 pc,,,,,System('HAT-P-32'),"[Star('HAT-P-32 A'), Star('HAT-P-32 B')]","[Star('HAT-P-32 A'), Star('HAT-P-32 B')]",,,,,
50,[],Flags(lculated Period'),System('HAT-P-33'),HAT-P-33,[],118.5 au,118.05,,,,,,,,,,,,387.0 pc,,,,,System('HAT-P-33'),"[Star('HAT-P-33 A'), Star('HAT-P-33 B')]","[Star('HAT-P-33 A'), Star('HAT-P-33 B')]",,,,,
51,[],Flags(lculated Period'),System('HAT-P-57'),HAT-P-57 BC,[],68.0 au,165,,,,,,,,,,,,303.0 pc,,,,,Binary('HAT-P-57'),"[Star('HAT-P-57 B'), Star('HAT-P-57 C')]","[Star('HAT-P-57 B'), Star('HAT-P-57 C')]",,,,,
52,[],Flags(lculated Period'),System('HAT-P-57'),HAT-P-57,[],800.0 au,234,,,,,,,,,,,,303.0 pc,,,,,System('HAT-P-57'),"[Binary('HAT-P-57 BC'), Star('HAT-P-57 A')]","[Binary('HAT-P-57 BC'), Star('HAT-P-57 A')]",,,,,
53,[],Flags(lculated Period'),System('HAT-P-7'),HAT-P-7,[],1238.0 au,89.8,,,,,,,,,,,,320.0 pc,,,,,System('HAT-P-7'),"[Star('HAT-P-7 A'), Star('HAT-P-7 B')]","[Star('HAT-P-7 A'), Star('HAT-P-7 B')]",,,,,
54,[],Flags(lculated Period'),System('HAT-P-8'),,[],15.0 au,222,,,,,,,,,,,,230.0 pc,,,,,Binary('HAT-P-8'),"[Star('HAT-P-8 B'), Star('HAT-P-8 C')]","[Star('HAT-P-8 B'), Star('HAT-P-8 C')]",,,,,
55,[],Flags(lculated Period'),System('HAT-P-8'),,[],240.0 au,137.9,,,,,,,,,,,,230.0 pc,,,,,System('HAT-P-8'),"[Binary('HAT-P-8'), Star('HAT-P-8')]","[Binary('HAT-P-8'), Star('HAT-P-8')]",,,,,
56,[],Flags(lculated Period'),System('HATS-58'),,[],,,,,,,,,,,,,,425.5 pc,,,,,System('HATS-58'),"[Star('HATS-58 A'), Star('HATS-58 B')]","[Star('HATS-58 A'), Star('HATS-58 B')]",,,,,
57,"['HIP 59960', 'TYC 8637-2434-1', 'CD-55 4537', 'CPD-55 4978', '2MASS J12175319-5558319', 'SAO 239819']",Flags(lculated Period'),System('HD 106906'),HD 106906,[],0.58 au,,,,,,,,,,,,,92.0 pc,,,,,System('HD 106906'),"[Star('HD 106906 A'), Star('HD 106906 B'), Planet('HD 106906 b')]","[Star('HD 106906 A'), Star('HD 106906 B'), Planet('HD 106906 b')]",,,,,
58,[],Flags(lculated Period'),System('HD 109749'),,[],489.0 au,179.75,,,,,,,,,,,,59.0 pc,,,,,System('HD 109749'),"[Star('HD 109749 A'), Star('HD 109749 B')]","[Star('HD 109749 A'), Star('HD 109749 B')]",,,,,
59,[],Flags(lculated Period'),System('HD 114729'),,[],282.0 au,333,,,,,,,,,,,,35.0 pc,,,,,System('HD 114729'),"[Star('HD 114729 A'), Star('HD 114729 B')]","[Star('HD 114729 A'), Star('HD 114729 B')]",,,,,
60,[],Flags(lculated Period'),System('HD 114762'),,[],129.0 au,30,,,,,,,,,,,,39.46 pc,,,,,System('HD 114762'),"[Star('HD 114762 A'), Star('HD 114762 B')]","[Star('HD 114762 A'), Star('HD 114762 B')]",,,,,
61,"['Gliese 81.1', 'GJ 81.1', 'GJ 9063', 'BD-10 403', 'WDS J01572-1015']",Flags(lculated Period'),System('HD 11964'),HD 11964,[],976.0 au,133,,,,,,,,,,,,32.85 pc,,,,,System('HD 11964'),"[Star('HD 11964 A'), Star('HD 11964 B')]","[Star('HD 11964 A'), Star('HD 11964 B')]",,,,,
62,['HWD 1'],Flags(lculated Period'),System('HD 126614'),HD 126614 AB,[],36.1 au,60.70,,,,,,,,,,,,72.6 pc,,,,,Binary('HD 126614 AC'),"[Star('HD 126614 A'), Star('HD 126614 B')]","[Star('HD 126614 A'), Star('HD 126614 B')]",,,,,
63,['LDS 4465'],Flags(lculated Period'),System('HD 126614'),HD 126614 AC,[],3030.0 au,299,,,,,,,,,,,,72.6 pc,,,,,System('HD 126614'),"[Binary('HD 126614 AB'), Star('HD 126614 C')]","[Binary('HD 126614 AB'), Star('HD 126614 C')]",,,,,
64,"['TYC 7306-2615-1', 'WDS J14544-3409 A']",Flags(),System('HD 131399'),HD 131399 A,[],,,,,,,,,,,,,,98.0 pc,-133.50291 deg,,,,Binary('HD 131399'),"[Star('HD 131399 Aa1'), Star('HD 131399 Aa2'), Planet('HD 131399 Ab')]","[Star('HD 131399 Aa1'), Star('HD 131399 Aa2'), Planet('HD 131399 Ab')]",9.92860,0.1199,0.48916,,
65,['TYC 7306-2615-2'],Flags(lculated Period'),System('HD 131399'),WDS J14544-3409 B,[],9.8 au,235,,,,,,,,,,,,98.0 pc,,,,,Binary('HD 131399'),"[Star('HD 131399 B'), Star('HD 131399 C')]","[Star('HD 131399 B'), Star('HD 131399 C')]",,,,,
66,"['HIP 72940', 'CD-33 10153', 'WDS J14544-3409']",Flags(),System('HD 131399'),HD 131399,[],,,,,,,,,,,,,,98.0 pc,145.3 deg,,,55,System('HD 131399'),"[Binary('HD 131399 A'), Binary('WDS J14544-3409 B')]","[Binary('HD 131399 A'), Binary('WDS J14544-3409 B')]",1298801.3,349,0.13,,265
67,[],Flags(),System('HD 132563'),HD 132563 A,[],,,,,,,,,,,,,,96.0 pc,,,,,Binary('HD 132563'),"[Star('HD 132563 Aa'), Star('HD 132563 Ab')]","[Star('HD 132563 Aa'), Star('HD 132563 Ab')]",17000,14.8,0.860,,
68,"['HIP 73261', 'STF 1896', 'WDS J14584+4403']",Flags(lculated Period'),System('HD 132563'),HD 132563,[],400.0 au,276.95,,,,,,,,,,,,96.0 pc,,,,,System('HD 132563'),"[Binary('HD 132563 A'), Star('HD 132563 B')]","[Binary('HD 132563 A'), Star('HD 132563 B')]",,,,,
69,[],Flags(lculated Period'),System('HD 133131'),,[],,,,,,,,,,,,,,47.0 pc,,,,,System('HD 133131'),"[Star('HD 133131 A'), Star('HD 133131 B')]","[Star('HD 133131 A'), Star('HD 133131 B')]",,360,,,
70,[],Flags(lculated Period'),System('HD 142022'),,[],732.0 au,130,,,,,,,,,,,,35.87 pc,,,,,System('HD 142022'),"[Star('HD 142022 A'), Star('HD 142022 B')]","[Star('HD 142022 A'), Star('HD 142022 B')]",,,,,
71,[],Flags(lculated Period'),System('HD 142'),,[],111.0 au,177,,,,,,,,,,,,20.6 pc,,,,,System('HD 142'),"[Star('HD 142 A'), Star('HD 142 B')]","[Star('HD 142 A'), Star('HD 142 B')]",,,,,
72,"['Gl 617', 'GJ 617', 'WDS J16167+6714']",Flags(lculated Period'),System('HD 147379'),Gliese 617,[],690.0 au,14,,,,,,,,,,,,10.735 pc,,,,,System('HD 147379'),"[Star('HD 147379'), Star('EW Draconis')]","[Star('HD 147379'), Star('EW Draconis')]",,,,,
73,[],Flags(lculated Period'),System('HD 147513'),,[],4451.0 au,245,,,,,,,,,,,,12.9 pc,,,,,System('HD 147513'),"[Star('HD 147513 A'), Star('HD 147513 B')]","[Star('HD 147513 A'), Star('HD 147513 B')]",,,,,
74,"['HIP 84856', 'WDS J17206-1920']",Flags(lculated Period'),System('HD 156846'),HD 156846,[],240.0 au,73,,,,,,,,,,,,49.0 pc,,,,,System('HD 156846'),"[Star('HD 156846 A'), Star('HD 156846 B')]","[Star('HD 156846 A'), Star('HD 156846 B')]",,,,,
75,[],Flags(lculated Period'),System('HD 16141'),,[],223.0 au,187,,,,,,,,,,,,35.9 pc,,,,,System('HD 16141'),"[Star('HD 16141 A'), Star('HD 16141 B')]","[Star('HD 16141 A'), Star('HD 16141 B')]",,,,,
76,"['HIP 93017', 'GJ 738', 'Gliese 738', 'Gl 738', 'HR 7162', 'BD+32 3267', 'SAO 67612', 'WDS J18570+3254 AB', 'Inrakluk']",Flags(),System('HD 176051'),HD 176051,[],,,,,,,,,,,,,,14.872 pc,281.71 deg,,,114.159,System('HD 176051'),"[Star('HD 176051 A'), Star('HD 176051 B')]","[Star('HD 176051 A'), Star('HD 176051 B')]",22430,18.97,0.2667,,48.846
77,"['HIP 93746', 'SAO 86791', 'Gliese 743.2', 'GJ 743.2', 'BD+25 3719', 'WDS J19053+2555']",Flags(lculated Period'),System('HD 177830'),HD 177830,[],97.1 au,84.85,,,,,,,,,,,,59.0 pc,,,,,System('HD 177830'),"[Star('HD 177830 A'), Star('HD 177830 B')]","[Star('HD 177830 A'), Star('HD 177830 B')]",,,,,
78,[],Flags(),System('HD 178911'),,[],,,,,,,,,,,,,,46.73 pc,,,,,Binary('HD 178911'),"[Star('HD 178911 Aa'), Star('HD 178911 Ab')]","[Star('HD 178911 Aa'), Star('HD 178911 Ab')]",1296.6098,,0.59,,
79,[],Flags(lculated Period'),System('HD 178911'),,[],752.0 au,82,,,,,,,,,,,,46.73 pc,,,,,System('HD 178911'),"[Binary('HD 178911'), Star('HD 178911 B')]","[Binary('HD 178911'), Star('HD 178911 B')]",,,,,
80,"['GJ 752', 'Gl 752', 'Gliese 752', 'WDS J19169+0510 AB']",Flags(lculated Period'),System('HD 180617'),LDS 6334,[],448.0 au,152,,,,,,,,,,,,5.9116 pc,,,,,System('HD 180617'),"[Star('HD 180617'), Star('VB 10')]","[Star('HD 180617'), Star('VB 10')]",,,,,
81,[],Flags(lculated Period'),System('HD 185269'),,[],4.81 au,221.1,,,,,,,,,,,,50.28 pc,,,,,Binary('HD 185269'),"[Star('HD 185269 Ba'), Star('HD 185269 Bb')]","[Star('HD 185269 Ba'), Star('HD 185269 Bb')]",,,,,
82,['BD+28 3412'],Flags(lculated Period'),System('HD 185269'),HD 185269,[],228.6 au,8.15,,,,,,,,,,,,50.28 pc,,,,,System('HD 185269'),"[Binary('HD 185269'), Star('HD 185269 A')]","[Binary('HD 185269'), Star('HD 185269 A')]",,,,,
83,[],Flags(lculated Period'),System('HD 188015'),,[],684.0 au,85,,,,,,,,,,,,52.6 pc,,,,,System('HD 188015'),"[Star('HD 188015 A'), Star('HD 188015 B')]","[Star('HD 188015 A'), Star('HD 188015 B')]",,,,,
84,[],Flags(lculated Period'),System('HD 189733'),,[],216.0 au,246,,,,,,,,,,,,19.3 pc,,,,,System('HD 189733'),"[Star('HD 189733 A'), Star('HD 189733 B')]","[Star('HD 189733 A'), Star('HD 189733 B')]",,,,,
85,[],Flags(lculated Period'),System('HD 195019'),,[],130.0 au,330,,,,,,,,,,,,37.36 pc,,,,,System('HD 195019'),"[Star('HD 195019 A'), Star('HD 195019 B')]","[Star('HD 195019 A'), Star('HD 195019 B')]",,,,,
86,[],Flags(lculated Period'),System('HD 196050'),,[],,,,,,,,,,,,,,46.93 pc,,,,,Binary('HD 196050'),"[Star('HD 196050 Ba'), Star('HD 196050 Bb')]","[Star('HD 196050 Ba'), Star('HD 196050 Bb')]",,19.7,,,
87,[],Flags(lculated Period'),System('HD 196050'),,[],511.0 au,175,,,,,,,,,,,,46.93 pc,,,,,System('HD 196050'),"[Binary('HD 196050'), Star('HD 196050 A')]","[Binary('HD 196050'), Star('HD 196050 A')]",,,,,
88,[],Flags(lculated Period'),System('HD 196885'),,[],,,,,,,,,,,,,,33.0 pc,,,,,System('HD 196885'),"[Star('HD 196885 A'), Star('HD 196885 B')]","[Star('HD 196885 A'), Star('HD 196885 B')]",,23,,,
89,['BD+41 3845'],Flags(lculated Period'),System('HD 197037'),HD 197037,[],118.7 au,182.14,,,,,,,,,,,,32.3 pc,,,,,System('HD 197037'),"[Star('HD 197037 A'), Star('HD 197037 B')]","[Star('HD 197037 A'), Star('HD 197037 B')]",,,,,
90,[],Flags(lculated Period'),System('HD 19994'),,[],,,,,,,,,,,,,,22.38 pc,,,,,System('HD 19994'),"[Star('HD 19994 A'), Star('HD 19994 B')]","[Star('HD 19994 A'), Star('HD 19994 B')]",,120,0.26,,
91,[],Flags(lculated Period'),System('HD 202772 A'),,[],,,,,,,,,,,,,,147.2 pc,,,,,System('HD 202772 A'),"[Star('HD 202772 B'), Star('HD 202772 A')]","[Star('HD 202772 B'), Star('HD 202772 A')]",,200,,,
92,[],Flags(lculated Period'),System('HD 20782'),WDS J03201-2851,[],8980.0 au,358.11,,,,,,,,,,,,35.49 pc,,,,,System('HD 20782'),"[Star('HD 20782'), Star('HD 20781')]","[Star('HD 20782'), Star('HD 20781')]",,,,,
93,[],Flags(lculated Period'),System('HD 213240'),,[],3904.0 au,127,,,,,,,,,,,,40.75 pc,,,,,System('HD 213240'),"[Star('HD 213240 A'), Star('HD 213240 C')]","[Star('HD 213240 A'), Star('HD 213240 C')]",,,,,
94,['BD-01 4382'],Flags(lculated Period'),System('HD 217786'),HD 217786,[],156.8 au,170.34,,,,,,,,,,,,54.9 pc,,,,,System('HD 217786'),"[Star('HD 217786 A'), Star('HD 217786 B')]","[Star('HD 217786 A'), Star('HD 217786 B')]",,,,,
95,[],Flags(lculated Period'),System('HD 222582'),,[],4746.0 au,302,,,,,,,,,,,,42.0 pc,,,,,System('HD 222582'),"[Star('HD 222582 A'), Star('HD 222582 B')]","[Star('HD 222582 A'), Star('HD 222582 B')]",,,,,
96,[],Flags(lculated Period'),System('HD 2638'),HD 2638 BC,[],28.5 au,166.7,,,,,,,,,,,,53.71 pc,,,,,Binary('WDS J00293-0555'),"[Star('HD 2638'), Star('HD 2638 C')]","[Star('HD 2638'), Star('HD 2638 C')]",,,,,
97,[],Flags(lculated Period'),System('HD 2638'),WDS J00293-0555,[],48000.0 au,51,,,,,,,,,,,,53.71 pc,,,,,System('HD 2638'),"[Binary('HD 2638 BC'), Star('HD 2567')]","[Binary('HD 2638 BC'), Star('HD 2567')]",,,,,
98,"['40 Eridani BC', 'omi02 Eri BC', 'Omicron-2 Eridani BC', 'ο2 Eri BC', 'ο2 Eridani BC', 'Gliese 166 BC', 'Gl 166 BC', 'GJ 166 BC', 'WDS J04153-0739 BC']",Flags(),System('HD 26965'),40 Eri BC,[],,,,,,,,,,,,,,4.98 pc,318.2 deg,,,107.53,Binary('40 Eri'),"[Star('40 Eri B'), Star('40 Eri C')]","[Star('40 Eri B'), Star('40 Eri C')]",84040,34.54,0.4300,,151.44
99,"['40 Eridani', 'omi02 Eri', 'Omicron-2 Eridani', 'ο2 Eri', 'ο2 Eridani', 'Gliese 166', 'Gl 166', 'GJ 166', 'WDS J04153-0739']",Flags(lculated Period'),System('HD 26965'),40 Eri,[],417.0 au,102,,,,,,,,,,,,4.98 pc,,,,,System('HD 26965'),"[Binary('40 Eri BC'), Star('HD 26965')]","[Binary('40 Eri BC'), Star('HD 26965')]",,,,,
100,[],Flags(lculated Period'),System('HD 27442'),,[],250.0 au,36,,,,,,,,,,,,18.1 pc,,,,,System('HD 27442'),"[Star('HD 27442 A'), Star('HD 27442 B')]","[Star('HD 27442 A'), Star('HD 27442 B')]",,,,,
101,[],Flags(lculated Period'),System('HD 38529'),,[],11200.0 au,305,,,,,,,,,,,,39.28 pc,,,,,System('HD 38529'),"[Star('HD 38529 A'), Star('HD 38529 B')]","[Star('HD 38529 A'), Star('HD 38529 B')]",,,,,
102,[],Flags(lculated Period'),System('HD 40979'),,[],,,,,,,,,,,,,,33.3 pc,,,,,Binary('HD 40979'),"[Star('HD 40979 B'), Star('HD 40979 C')]","[Star('HD 40979 B'), Star('HD 40979 C')]",,129,,,
103,[],Flags(lculated Period'),System('HD 40979'),,[],6394.0 au,290,,,,,,,,,,,,33.3 pc,,,,,System('HD 40979'),"[Binary('HD 40979'), Star('HD 40979 A')]","[Binary('HD 40979'), Star('HD 40979 A')]",,,,,
104,[],Flags(),System('HD 41004'),,[],,,,,,,,,,,,,,43.03 pc,,,,,Binary('HD 41004'),"[Star('HD 41004 B'), Star('HD 41004 B b')]","[Star('HD 41004 B'), Star('HD 41004 B b')]",1.32,,0.081,,
105,[],Flags(lculated Period'),System('HD 41004'),,[],,,,,,,,,,,,,,43.03 pc,,,,,System('HD 41004'),"[Binary('HD 41004'), Star('HD 41004 A')]","[Binary('HD 41004'), Star('HD 41004 A')]",,21.51,,,
106,[],Flags(),System('HD 4113'),HD 4113 AC,[],,,,,,,,,,,,,,41.7 pc,200.3 deg,,,89.1,Binary('HD 4113'),"[Star('HD 4113 A'), Star('HD 4113 C')]","[Star('HD 4113 A'), Star('HD 4113 C')]",38205,23.0,0.377,,41.8
107,"['CD-38 223', 'CPD-38 54', 'WDS J00432-3759']",Flags(lculated Period'),System('HD 4113'),HD 4113,[],2043.0 au,350.30,,,,,,,,,,,,41.7 pc,,,,,System('HD 4113'),"[Binary('HD 4113 AC'), Star('HD 4113 B')]","[Binary('HD 4113 AC'), Star('HD 4113 B')]",,,,,
108,[],Flags(lculated Period'),System('HD 46375'),,[],314.0 au,308,,,,,,,,,,,,33.4 pc,,,,,System('HD 46375'),"[Star('HD 46375 A'), Star('HD 46375 B')]","[Star('HD 46375 A'), Star('HD 46375 B')]",,,,,
109,"['HIP 36616', 'TYC 1364-1582-1', 'HR 2877', 'SAO 96985', 'BD+17 1596', '2MASS J07314838+1705099']",Flags(),System('HD 59686'),HD 59686,[],,,,,,,,,,,,,,96.9 pc,149.4 deg,,,,System('HD 59686'),"[Star('HD 59686 A'), Star('HD 59686 B')]","[Star('HD 59686 A'), Star('HD 59686 B')]",11680,13.56,0.729,,
110,['BD-05 215'],Flags(),System('HD 7449'),HD 7449,[],,,,,,,,,,,,,,38.9 pc,,,,59.7,System('HD 7449'),"[Star('HD 7449 A'), Star('HD 7449 B')]","[Star('HD 7449 A'), Star('HD 7449 B')]",24000,17.9,0.5,,
111,[],Flags(lculated Period'),System('HD 75289'),,[],622.0 au,78,,,,,,,,,,,,28.94 pc,,,,,System('HD 75289'),"[Star('HD 75289 A'), Star('HD 75289 B')]","[Star('HD 75289 A'), Star('HD 75289 B')]",,,,,
112,[],Flags(lculated Period'),System('HD 80606'),,[],1203.0 au,269,,,,,,,,,,,,58.4 pc,,,,,System('HD 80606'),"[Star('HD 80606'), Star('HD 80607')]","[Star('HD 80606'), Star('HD 80607')]",,,,,
113,[],Flags(lculated Period'),System('HD 8673'),HD 8673,[],11.0 au,333.4,,,,,,,,,,,,36.1 pc,,,,,System('HD 8673'),"[Star('HD 8673 A'), Star('HD 8673 B')]","[Star('HD 8673 A'), Star('HD 8673 B')]",,,,,
114,[],Flags(lculated Period'),System('HD 89744'),,[],2520.0 au,48,,,,,,,,,,,,40.0 pc,,,,,System('HD 89744'),"[Star('HD 89744 A'), Star('HD 89744 B')]","[Star('HD 89744 A'), Star('HD 89744 B')]",,,,,
115,[],Flags(lculated Period'),System('HIP 70849'),,[],9050.0 au,262,,,,,,,,,,,,24.0 pc,,,,,System('HIP 70849'),"[Star('HIP 70849'), Star('HIP 70849 B')]","[Star('HIP 70849'), Star('HIP 70849 B')]",,,,,
116,[],Flags(),System('HIP 79098'),,[],,,,,,,,,,,,,,146.3 pc,,,,,System('HIP 79098'),"[Star('HIP 79098 A'), Star('HIP 79098 B'), Planet('HIP 79098 AB b')]","[Star('HIP 79098 A'), Star('HIP 79098 B'), Planet('HIP 79098 AB b')]",558.5,,0.88,,
117,"['RX J2107.9-0518', '2MASS J21075818-0517404']",Flags(),System('HU Aqr'),HU Aqr,[],,,,,15.1,13.893,,14.177,13.634,15.0,,,,,,,,87,System('HU Aqr'),"[Star('HU Aqr A'), Star('HU Aqr B'), Planet('HU Aqr (AB) b'), Planet('HU Aqr (AB) c'), Planet('HU Aqr (AB) d')]","[Star('HU Aqr A'), Star('HU Aqr B'), Planet('HU Aqr (AB) b'), Planet('HU Aqr (AB) c'), Planet('HU Aqr (AB) d')]",0.8682036931,,,,
118,[],Flags(),System('HW Vir'),,[],,,,,,,,,,,,,,181.0 pc,,,,,Binary('HW Vir'),"[Star('HW Vir A'), Star('HW Vir B'), Planet('HW Vir (AB) b')]","[Star('HW Vir A'), Star('HW Vir B'), Planet('HW Vir (AB) b')]",0.1167,0.00399833,,,
119,[],Flags(),System('HW Vir'),,[],,,,,,,,,,,,,,181.0 pc,,,,,System('HW Vir'),"[Binary('HW Vir'), Star('HW Vir (AB) C')]","[Binary('HW Vir'), Star('HW Vir (AB) C')]",5785,5.3,,,
120,"['EPIC 247589423', 'LP 358-348', '2MASS J04293897+2252579']",Flags(lculated Period'),System('K2-136'),K2-136,[],43.0 au,7.9,,,,,,,,,,,,59.4 pc,,,,,System('K2-136'),"[Star('K2-136 A'), Star('K2-136 B')]","[Star('K2-136 A'), Star('K2-136 B')]",,,,,
121,[],Flags(lculated Period'),System('K2-288'),,[],,,,,,,,,,,,,,65.72 pc,,,,,System('K2-288'),"[Star('K2-288 A'), Star('K2-288 B')]","[Star('K2-288 A'), Star('K2-288 B')]",,55,,,
122,[],Flags(lculated Period'),System('KELT-19'),,[],,,,,,,,,,,,,,278.0 pc,,,,,System('KELT-19'),"[Star('KELT-19 A'), Star('KELT-19 B')]","[Star('KELT-19 A'), Star('KELT-19 B')]",,,,,
123,[],Flags(lculated Period'),System('KELT-23'),,[],,,,,,,,,,,,,,126.7 pc,,,,,System('KELT-23'),"[Star('KELT-23 A'), Star('KELT-23 B')]","[Star('KELT-23 A'), Star('KELT-23 B')]",,,,,
124,"['WDS J06107+3057', 'HIP 29301', 'TYC 2420-899-1', 'HD 47126', 'BD+30 1138', 'SAO 58830', 'COU 1102']",Flags(lculated Period'),System('KELT-2'),KELT-2,[],295.0 au,328.6,,,,,,,,,,,,128.6 pc,,,,,System('KELT-2'),"[Star('KELT-2A'), Star('KELT-2B')]","[Star('KELT-2A'), Star('KELT-2B')]",,,,,
125,[],Flags(),System('KELT-4'),KELT-4BC,[],10.3 au,,,,,,,,,,,,,210.0 pc,,,,,Binary('KELT-4'),"[Star('KELT-4B'), Star('KELT-4C')]","[Star('KELT-4B'), Star('KELT-4C')]",10738,,,,
126,[],Flags(),System('KELT-4'),,[],328.0 au,,,,,,,,,,,,,210.0 pc,,,,,System('KELT-4'),"[Binary('KELT-4BC'), Star('KELT-4A')]","[Binary('KELT-4BC'), Star('KELT-4A')]",1380645,,,,
127,"['KOI-119', 'KIC 9471974', '2MASS J19381420+4603443']",Flags(lculated Period'),System('Kepler-108'),Kepler-108,[],327.5 au,118.4,,,,,,,,,,,,313.0 pc,,,,,System('Kepler-108'),"[Star('Kepler-108 A'), Star('Kepler-108 B')]","[Star('Kepler-108 A'), Star('Kepler-108 B')]",,,,,
128,"['KOI-13 BC', 'KIC 9941662 BC']",Flags(),System('Kepler-13'),Kepler-13 BC,[],,,,,,,,,,,,,,530.0 pc,32.0 deg,,,,Binary('Kepler-13'),"[Star('Kepler-13 B'), Star('Kepler-13 C')]","[Star('Kepler-13 B'), Star('Kepler-13 C')]",65.831,0.41,0.52,,
129,"['KOI-13', 'KIC 9941662', 'BD+46 2629']",Flags(lculated Period'),System('Kepler-13'),Kepler-13,[],610.0 au,281,,,,,,,,,,,,530.0 pc,,,,,System('Kepler-13'),"[Binary('Kepler-13 BC'), Star('Kepler-13 A')]","[Binary('Kepler-13 BC'), Star('Kepler-13 A')]",,,,,
130,"['KOI-1611', 'KIC 12644769', '2MASS J19161817+5145267']",Flags(),System('Kepler-16'),Kepler-16,[],,,,,12.1,,,,,,,,,60.0 pc,,,,,System('Kepler-16'),"[Star('Kepler-16 A'), Star('Kepler-16 B'), Planet('Kepler-16 (AB) b')]","[Star('Kepler-16 A'), Star('Kepler-16 B'), Planet('Kepler-16 (AB) b')]",41,0.22,,,
131,"['KOI-975', 'KIC 3632418', 'HD 179070', 'BD+38 3455']",Flags(lculated Period'),System('Kepler-21'),Kepler-21,[],87.3 au,129.53,,,,,,,,,,,,112.9 pc,,,,,System('Kepler-21'),"[Star('Kepler-21 A'), Star('Kepler-21 B')]","[Star('Kepler-21 A'), Star('Kepler-21 B')]",,,,,
132,[],Flags(lculated Period'),System('Kepler-296'),,[],80.0 au,217.3,,,,,,,,,,,,558.5 pc,,,,,System('Kepler-296'),"[Star('Kepler-296 A'), Star('Kepler-296 B')]","[Star('Kepler-296 A'), Star('Kepler-296 B')]",,,,,
133,"['KIC 8572936', 'KOI-2459', '2MASS J19454459+4438296']",Flags(),System('Kepler-34'),Kepler-34,[],,,,,,13.301,,13.605,13.24,,,,,1500.0 pc,,,,89.8584,System('Kepler-34'),"[Star('Kepler-34 A'), Star('Kepler-34 B'), Planet('Kepler-34 (AB) b')]","[Star('Kepler-34 A'), Star('Kepler-34 B'), Planet('Kepler-34 (AB) b')]",27.7958,0.11590877,0.52087,180,
134,"['KIC 9837578', 'KOI-2937', '2MASS J19375927+4641231']",Flags(),System('Kepler-35'),Kepler-35,[],,,,,,14.04,,14.43,13.88,,,,,1645.0 pc,,,,90.4238,System('Kepler-35'),"[Star('Kepler-35 A'), Star('Kepler-35 B'), Planet('Kepler-35 (AB) b')]","[Star('Kepler-35 A'), Star('Kepler-35 B'), Planet('Kepler-35 (AB) b')]",20.733,0.17617,0.1421,,
135,"['KOI-1740', 'KIC 6762829', '2MASS J19071928+4216451']",Flags(lculated Period'),System('Kepler-38'),Kepler-38,[],,,,,,12.412,,12.73,12.342,,,,,1215.8 pc,,,,,System('Kepler-38'),"[Star('Kepler-38 A'), Star('Kepler-38 B'), Planet('Kepler-38 (AB) b')]","[Star('Kepler-38 A'), Star('Kepler-38 B'), Planet('Kepler-38 (AB) b')]",,0.1460,0.1032,,
136,[],Flags(lculated Period'),System('Kepler-410'),,[],224.0 au,35,,,9.95,8.191,,8.417,8.14,9.5,,,,132.0 pc,,,,,System('Kepler-410'),"[Star('Kepler-410 A'), Star('Kepler-410 B')]","[Star('Kepler-410 A'), Star('Kepler-410 B')]",,,,,
137,[],Flags(),System('Kepler-413'),,[],,,,,,13.51,,13.987,13.41,,,,,,279.54 deg,,,87.3258,System('Kepler-413'),"[Star('Kepler-413 A'), Star('Kepler-413 B'), Planet('Kepler-413 b')]","[Star('Kepler-413 A'), Star('Kepler-413 B'), Planet('Kepler-413 b')]",10.116146,0.10148,0.0372,,
138,[],Flags(lculated Period'),System('Kepler-444'),,[],,,,,,,,,,,,,,35.7 pc,,,,,Binary('Kepler-444'),"[Star('Kepler-444 B'), Star('Kepler-444 C')]","[Star('Kepler-444 B'), Star('Kepler-444 C')]",,0.3,,,
139,"['HIP 94931', 'KOI-3158', 'KIC 6278762', 'LHS 3450', 'PPM 58152', 'TYC 3129-329-1', 'BD+41 3306', '2MASS J19190052+4138043']",Flags(),System('Kepler-444'),Kepler-444,[],,,,,,,,,,,,,,35.7 pc,342.8 deg,,,90.4,System('Kepler-444'),"[Binary('Kepler-444'), Star('Kepler-444 A')]","[Binary('Kepler-444'), Star('Kepler-444 A')]",72320,36.7,0.864,,73.1
140,"['KOI-270', 'KIC 6528464']",Flags(lculated Period'),System('Kepler-449'),Kepler-449,[],,68.4,,,,,,,,,,,,,,,,,System('Kepler-449'),"[Star('Kepler-449 A'), Star('Kepler-449 B')]","[Star('Kepler-449 A'), Star('Kepler-449 B')]",,,,,
141,"['KOI-279', 'KIC 12314973', '2MASS J19415676+5100486']",Flags(lculated Period'),System('Kepler-450'),Kepler-450,[],,,,,,,,,,,,,,,,,,,System('Kepler-450'),"[Star('Kepler-450 A'), Star('Kepler-450 B')]","[Star('Kepler-450 A'), Star('Kepler-450 B')]",,,,,
142,"['2MASS J19411149+4655136', 'KIC 10020423', 'KOI-3154']",Flags(),System('Kepler-47'),Kepler-47,[],,,,,,13.64,,13.97,13.54,,,,,1189.0 pc,232.3 deg,,,89.34,System('Kepler-47'),"[Star('Kepler-47 A'), Star('Kepler-47 B'), Planet('Kepler-47 (AB) b'), Planet('Kepler-47 (AB) c'), Planet('Kepler-47 (AB) d')]","[Star('Kepler-47 A'), Star('Kepler-47 B'), Planet('Kepler-47 (AB) b'), Planet('Kepler-47 (AB) c'), Planet('Kepler-47 (AB) d')]",7.4483,0.0836,0.0234,,
143,"['KOI-246', 'KIC 11295426']",Flags(lculated Period'),System('Kepler-68'),Kepler-68,[],1482.0 au,145.43,,,,,,,,,,,,135.0 pc,,,,,System('Kepler-68'),"[Star('Kepler-68 A'), Star('Kepler-68 B')]","[Star('Kepler-68 A'), Star('Kepler-68 B')]",,,,,
144,"['KOI-6837 A', 'TYC 3127-167-1 A']",Flags(),System('KIC 7177553'),KIC 7177553 A,[],,,,,,,,,,,,,,406.0 pc,3.298 deg,,,87.679,Binary('KIC 7177553'),"[Star('KIC 7177553 Aa'), Star('KIC 7177553 Ab'), Planet('KIC 7177553 A(ab) b')]","[Star('KIC 7177553 Aa'), Star('KIC 7177553 Ab'), Planet('KIC 7177553 A(ab) b')]",17.996467,0.17090,0.3915,,
145,"['KOI-6837 B', 'TYC 3127-167-1 B']",Flags(),System('KIC 7177553'),KIC 7177553 B,[],,,,,,,,,,,,,,406.0 pc,331.17 deg,,,60,Binary('KIC 7177553'),"[Star('KIC 7177553 Ba'), Star('KIC 7177553 Bb')]","[Star('KIC 7177553 Ba'), Star('KIC 7177553 Bb')]",16.5490,,0.4421,,
146,"['KOI-6837', 'TYC 3127-167-1', '2MASS J18520290+4243165']",Flags(lculated Period'),System('KIC 7177553'),KIC 7177553,[],167.0 au,193.6,,,,,,,,,,,,406.0 pc,,,,,System('KIC 7177553'),"[Binary('KIC 7177553 A'), Binary('KIC 7177553 B')]","[Binary('KIC 7177553 A'), Binary('KIC 7177553 B')]",,,,,
147,"['KOI-1451', 'Kepler-453', '2MASS J18525791+4622424']",Flags(),System('KIC 9632895'),KIC 9632895,[],,,,,,11.97,,12.349,11.92,,,,,500.0 pc,262.86 deg,,,90.275,System('KIC 9632895'),"[Star('KIC 9632895 A'), Star('KIC 9632895 B'), Planet('KIC 9632895 b')]","[Star('KIC 9632895 A'), Star('KIC 9632895 B'), Planet('KIC 9632895 b')]",27.322037,0.18479,0.051,,
148,"['Kepler-420', 'KIC 8751933', '2MASS J19245404+4455385']",Flags(),System('KOI-1257'),KOI-1257,[],,,,,15.83,12.827,,13.222,12.726,14.867,,,,900.0 pc,180.0 deg,,,18.2,System('KOI-1257'),"[Star('KOI-1257 A'), Star('KOI-1257 B')]","[Star('KOI-1257 A'), Star('KOI-1257 B')]",3430,5.3,0.31,,
149,"['Kepler-432', 'KIC 10864656', '2MASS J19330772+4817092']",Flags(lculated Period'),System('KOI-1299'),KOI-1299,[],750.0 au,20.86,,,,10.221,,10.684,,,,,,870.0 pc,,,,,System('KOI-1299'),"[Star('KOI-1299 A'), Star('KOI-1299 B')]","[Star('KOI-1299 A'), Star('KOI-1299 B')]",,,,,
150,"['KIC 5473556 AB', 'Kepler-1647 AB', '2MASS J19523602+4039222']",Flags(),System('KOI-2939'),KOI-2939 AB,[],,,,,,12.078,,12.376,12.007,,,,,,300.5442 deg,,,87.9164,Binary('KOI-2939'),"[Star('KOI-2939 A'), Star('KOI-2939 B'), Planet('KOI-2939 b')]","[Star('KOI-2939 A'), Star('KOI-2939 B'), Planet('KOI-2939 b')]",11.2588179,0.1276,0.1602,,
151,"['KIC 5473556', 'Kepler-1647']",Flags(lculated Period'),System('KOI-2939'),KOI-2939,[],,176.02,,,,,,,,,,,,,,,,,System('KOI-2939'),"[Binary('KOI-2939 AB'), Star('KOI-2939 C')]","[Binary('KOI-2939 AB'), Star('KOI-2939 C')]",,,,,
152,[],Flags(lculated Period'),System('NGTS-14'),,[],,,,,,,,,,,,,,325.1 pc,,,,,System('NGTS-14'),"[Star('NGTS-14 A'), Star('NGTS-14 B')]","[Star('NGTS-14 A'), Star('NGTS-14 B')]",,1137,,,
153,[],Flags(lculated Period'),System('NGTS-3'),,[],,,,,,,,,,,,,,760.3 pc,,,,,System('NGTS-3'),"[Star('NGTS-3 A'), Star('NGTS-3 B')]","[Star('NGTS-3 A'), Star('NGTS-3 B')]",,,,,
154,[],Flags(),System('NN Ser'),,[],,,,,,,,,,,,,,500.0 pc,,,,,System('NN Ser'),"[Star('NN Ser A'), Star('NN Ser B'), Planet('NN Ser (AB) c'), Planet('NN Ser (AB) d')]","[Star('NN Ser A'), Star('NN Ser B'), Planet('NN Ser (AB) c'), Planet('NN Ser (AB) d')]",0.133333,,,,
155,[],Flags(),System('NSVS 14256825'),,[],,,,,12.9,13.797,,13.658,13.95,,,,,570.0 pc,,,,,System('NSVS 14256825'),"[Star('NSVS 14256825 A'), Star('NSVS 14256825 B'), Planet('NSVS 14256825 b')]","[Star('NSVS 14256825 A'), Star('NSVS 14256825 B'), Planet('NSVS 14256825 b')]",0.110341681,,,,
156,"['Nu Octantis', 'ν Oct', 'HD 205478', 'HR 8254', 'HIP 107089', 'Gliese 835.1', 'Gl 835.1', 'GJ 835.1', 'GJ 9744', 'CD-77 1079', 'CPD-77 1510', '2MASS J21412863-7723243', 'SAO 257948']",Flags(lculated Period'),System('nu Oct'),nu Oct,[],,,,,,,,,,,,,,22.1 pc,75.0 deg,,,70.8,System('nu Oct'),"[Star('nu Oct A'), Star('nu Oct B')]","[Star('nu Oct A'), Star('nu Oct B')]",,2.62959,0.2368,,87.0
157,[],Flags(),System('NY Virginis'),,[],,,,,,,,,,,,,,613.18 pc,,,,,System('NY Virginis'),"[Star('NY Virginis A'), Star('NY Virginis B'), Planet('NY Vir b'), Planet('NY Vir c')]","[Star('NY Virginis A'), Star('NY Virginis B'), Planet('NY Vir b'), Planet('NY Vir c')]",0.1010159673,,,,
158,[],Flags(),System('OGLE-2007-BLG-349L'),,[],,,,,,,,,,,,,,2760.0 pc,,,,,System('OGLE-2007-BLG-349L'),"[Star('OGLE-2007-BLG-349L A'), Star('OGLE-2007-BLG-349L B'), Planet('OGLE-2007-BLG-349L (AB) c')]","[Star('OGLE-2007-BLG-349L A'), Star('OGLE-2007-BLG-349L B'), Planet('OGLE-2007-BLG-349L (AB) c')]",9.7,0.080,,,
159,[],Flags(lculated Period'),System('OGLE-2008-BLG-092L'),,[],48.0 au,,,,,,,,,,,,,8100.0 pc,,,,,System('OGLE-2008-BLG-092L'),"[Star('OGLE-2008-BLG-092L A'), Star('OGLE-2008-BLG-092L B')]","[Star('OGLE-2008-BLG-092L A'), Star('OGLE-2008-BLG-092L B')]",,,,,
160,[],Flags(lculated Period'),System('OGLE-2013-BLG-0341L'),,[],10.536 au,,,,,,,,,,,,,911.0 pc,,,,,System('OGLE-2013-BLG-0341L'),"[Star('OGLE-2013-BLG-0341L A'), Star('OGLE-2013-BLG-0341L B')]","[Star('OGLE-2013-BLG-0341L A'), Star('OGLE-2013-BLG-0341L B')]",,,,,
161,[],Flags(lculated Period'),System('OGLE-2013-BLG-0723L'),OGLE-2013-BLG-0723L,[],1.74 au,,,,,,,,,,,,,490.0 pc,,,,,System('OGLE-2013-BLG-0723L'),"[Star('OGLE-2013-BLG-0723L A'), Star('OGLE-2013-BLG-0723L B')]","[Star('OGLE-2013-BLG-0723L A'), Star('OGLE-2013-BLG-0723L B')]",,,,,
162,[],Flags(lculated Period'),System('OGLE-2016-BLG-0613L'),,[],2.96 au,,,,,,,,,,,,,3410.0 pc,,,,,System('OGLE-2016-BLG-0613L'),"[Star('OGLE-2016-BLG-0613L A'), Star('OGLE-2016-BLG-0613L B'), Planet('OGLE-2016-BLG-0613L AB b')]","[Star('OGLE-2016-BLG-0613L A'), Star('OGLE-2016-BLG-0613L B'), Planet('OGLE-2016-BLG-0613L AB b')]",,,,,
163,"['Kepler-64 A', 'KIC 4862625 A']",Flags(),System('PH-1'),PH-1 A,[],,,,,,,,,,,,,,1500.0 pc,348.0 deg,,,,Binary('PH-1'),"[Star('PH-1 Aa'), Star('PH-1 Ab'), Planet('PH-1 A(ab) b')]","[Star('PH-1 Aa'), Star('PH-1 Ab'), Planet('PH-1 A(ab) b')]",20.000214,0.1744,0.21166048,,
164,"['Kepler-64 B', 'KIC 4862625 B']",Flags(lculated Period'),System('PH-1'),PH-1 B,[],60.0 au,,,,,,,,,,,,,1500.0 pc,,,,,Binary('PH-1'),"[Star('PH-1 Ba'), Star('PH-1 Bb')]","[Star('PH-1 Ba'), Star('PH-1 Bb')]",,,,,
165,"['Kepler-64', 'KIC 4862625', '2MASS J19525162+3957183']",Flags(lculated Period'),System('PH-1'),PH-1,[],1000.0 au,123,,,,,,,,,,,,1500.0 pc,,,,,System('PH-1'),"[Binary('PH-1 A'), Binary('PH-1 B')]","[Binary('PH-1 A'), Binary('PH-1 B')]",,,,,
166,"['HIP 86614', 'TYC 4436-1425-1', 'SAO 8890', 'BD+72 804', 'STF 2241 A']",Flags(),System('Psi-1 Draconis'),HD 162003,[],,,,,,,,,,,,,,22.93 pc,32.9 deg,,,,Binary('Psi-1 Draconis'),"[Star('Psi-1 Draconis A'), Star('Psi-1 Draconis C')]","[Star('Psi-1 Draconis A'), Star('Psi-1 Draconis C')]",6649,8.7,0.674,,
167,"['ψ1 Dra', 'ψ1 Draconis', 'psi01 Dra', 'psi01 Draconis', '31 Dra', '31 Draconis', 'Gliese 694.1', 'GJ 694.1', 'GJ 9602', 'WDS J17419+7209']",Flags(lculated Period'),System('Psi-1 Draconis'),Psi-1 Draconis,[],690.0 au,15.49,,,,,,,,,,,,22.93 pc,,,,,System('Psi-1 Draconis'),"[Binary('HD 162003'), Star('Psi-1 Draconis B')]","[Binary('HD 162003'), Star('Psi-1 Draconis B')]",,,,,
168,[],Flags(),System('PSR B1620-26'),B1620-26,[],,,,,,,,,,,,,,1800.0 pc,117.1291 deg,,,55,System('PSR B1620-26'),"[Star('PSR B1620-26'), Star('WD J1623-266'), Planet('PSR B1620-26 b')]","[Star('PSR B1620-26'), Star('WD J1623-266'), Planet('PSR B1620-26 b')]",191.44281,,0.02531545,,
169,[],Flags(lculated Period'),System('Ross 458'),Ross 458 AB,[],5.4 au,81.5,,,,,,,,,,,,114.0 pc,,,,,System('Ross 458'),"[Star('Ross 458 A'), Star('Ross 458 B'), Planet('Ross 458 C')]","[Star('Ross 458 A'), Star('Ross 458 B'), Planet('Ross 458 C')]",,,,,
170,[],Flags(lculated Period'),System('ROXs 42 B'),ROXs 42 B,[],,157.9,,,16.3,9.02,11.72,9.91,,14.27,,,,120.0 pc,,,,,System('ROXs 42 B'),"[Star('ROXs 42 B A'), Star('ROXs 42 B B'), Planet('ROXs 42 B b')]","[Star('ROXs 42 B A'), Star('ROXs 42 B B'), Planet('ROXs 42 B b')]",,,,,
171,[],Flags(),System('RR Cae'),,[],,,,,,,,,,,,,,,,,,,System('RR Cae'),"[Star('RR Cae A'), Star('RR Cae B'), Planet('RR Cae (AB) b')]","[Star('RR Cae A'), Star('RR Cae B'), Planet('RR Cae (AB) b')]",0.3041666,,,,
172,[],Flags(lculated Period'),System('SR 12 AB'),SR 12,[],35.0 au,96,,,,,,,,13.28,,,,125.0 pc,,,,,System('SR 12 AB'),"[Star('SR 12 A'), Star('SR 12 B'), Planet('SR 12 C')]","[Star('SR 12 A'), Star('SR 12 B'), Planet('SR 12 C')]",,,,,
173,"['WDS J13473+1727', 'HIP 67275']",Flags(),System('tau Boo'),tau Boo,[],,,,,,,,,,,,,,15.62 pc,334.2 deg,,,37.0,System('tau Boo'),"[Star('tau Boo A'), Star('tau Boo B')]","[Star('tau Boo A'), Star('tau Boo B')]",352100,120,0.836,,171.9
174,"['Tau Geminorum', 'τ Gem', 'τ Geminorum', '46 Gem', '46 Geminorum', 'HD 54719', 'HIP 34693', 'SAO 59858', 'HR 2697', 'BD+30 1439', 'WDS J07111+3015']",Flags(lculated Period'),System('tau Gem'),tau Gem,[],187.0 au,177,,,,,,,,,,,,98.4 pc,,,,,System('tau Gem'),"[Star('tau Gem A'), Star('tau Gem B')]","[Star('tau Gem A'), Star('tau Gem B')]",,,,,
175,[],Flags(),System('TIC 168789840'),,[],,,,,,,,,,,,,,584.0 pc,,,,88.5,Binary('TIC 168789840'),"[Star('TIC 168789840 B1'), Star('TIC 168789840 B2')]","[Star('TIC 168789840 B1'), Star('TIC 168789840 B2')]",8.217111,,,,
176,[],Flags(),System('TIC 168789840'),,[],,,,,,,,,,,,,,584.0 pc,,,,89.6,Binary('TIC 168789840'),"[Star('TIC 168789840 A1'), Star('TIC 168789840 A2')]","[Star('TIC 168789840 A1'), Star('TIC 168789840 A2')]",1.570013,,,,
177,[],Flags(),System('TIC 168789840'),,[],,,,,,,,,,,,,,584.0 pc,,,,75.9,Binary('TIC 168789840'),"[Star('TIC 168789840 C1'), Star('TIC 168789840 C2')]","[Star('TIC 168789840 C1'), Star('TIC 168789840 C2')]",1.3058336,,,,
178,[],Flags(),System('TIC 168789840'),,[],,,,,,,,,,,,,,584.0 pc,,,,42,Binary('TIC 168789840'),"[Binary('TIC 168789840'), Binary('TIC 168789840')]","[Binary('TIC 168789840'), Binary('TIC 168789840')]",1351.3961,,0.28,,
179,[],Flags(),System('TIC 168789840'),,[],,,,,,,,,,,,,,584.0 pc,,,,42,System('TIC 168789840'),"[Binary('TIC 168789840'), Binary('TIC 168789840')]","[Binary('TIC 168789840'), Binary('TIC 168789840')]",730000,,0.28,,
180,[],Flags(lculated Period'),System('TOI-1259'),,[],,,,,,,,,,,,,,118.11 pc,,,,,System('TOI-1259'),"[Star('TOI-1259 A'), Star('TOI-1259 B')]","[Star('TOI-1259 A'), Star('TOI-1259 B')]",,1600,,,
181,[],Flags(),System('TOI-1338'),,[],,,,,,,,,,,,,,403.66 pc,,,,89.649,System('TOI-1338'),"[Star('TOI-1338 A'), Star('TOI-1338 B'), Planet('TOI-1338 (AB) b')]","[Star('TOI-1338 A'), Star('TOI-1338 B'), Planet('TOI-1338 (AB) b')]",14.608,0.1319,0.15603,,
182,[],Flags(lculated Period'),System('TOI-451'),,[],,,,,,,,,,,,,,123.74 pc,,,,,System('TOI-451'),"[Star('TOI-451 B'), Star('TOI-451')]","[Star('TOI-451 B'), Star('TOI-451')]",,4700,,,
183,[],Flags(lculated Period'),System('TrES-2'),TrES-2,[],216.0 au,136.325,,,,,,,,,,,,213.0 pc,,,,,System('TrES-2'),"[Star('TrES-2 A'), Star('TrES-2 B')]","[Star('TrES-2 A'), Star('TrES-2 B')]",,,,,
184,[],Flags(lculated Period'),System('TrES-4'),TrES-4,[],754.0 au,359.8,,,,,,,,,,,,485.0 pc,,,,,System('TrES-4'),"[Star('TrES-4 A'), Star('TrES-4 B')]","[Star('TrES-4 A'), Star('TrES-4 B')]",,,,,
185,[],Flags(lculated Period'),System('Upsilon Andromedae'),,[],700.0 au,150,,,,,,,,,,,,13.47 pc,,,,,System('Upsilon Andromedae'),"[Star('Upsilon Andromedae A'), Star('Upsilon Andromedae B')]","[Star('Upsilon Andromedae A'), Star('Upsilon Andromedae B')]",,,,,
186,"['VHS J125602.15-125721.7', '2MASS J125602.15-125721.7']",Flags(lculated Period'),System('VHS 1256-1257'),VHS 1256-1257,[],1.4 au,173.3,,,,,,,,,,,,12.7 pc,,,,,System('VHS 1256-1257'),"[Star('VHS 1256-1257 A'), Star('VHS 1256-1257 B'), Planet('VHS 1256-1257 b')]","[Star('VHS 1256-1257 A'), Star('VHS 1256-1257 B'), Planet('VHS 1256-1257 b')]",,,,,
187,['HAT-P-10'],Flags(lculated Period'),System('WASP-11'),WASP-11,[],41.7 au,214.09,,,,,,,,,,,,125.1 pc,,,,,System('WASP-11'),"[Star('WASP-11 A'), Star('WASP-11 B')]","[Star('WASP-11 A'), Star('WASP-11 B')]",,,,,
188,[],Flags(lculated Period'),System('WASP-12'),,[],21.0 au,84,,,,,,,,,,,,250.0 pc,,,,,Binary('WASP-12'),"[Star('WASP-12 B'), Star('WASP-12 C')]","[Star('WASP-12 B'), Star('WASP-12 C')]",,,,,
189,[],Flags(lculated Period'),System('WASP-12'),,[],266.0 au,251.3,,,,,,,,,,,,250.0 pc,,,,,System('WASP-12'),"[Binary('WASP-12'), Star('WASP-12')]","[Binary('WASP-12'), Star('WASP-12')]",,,,,
190,[],Flags(lculated Period'),System('WASP-145'),,[],,,,,,,,,,,,,,,,,,,System('WASP-145'),"[Star('WASP-145 A'), Star('WASP-145 B')]","[Star('WASP-145 A'), Star('WASP-145 B')]",,,,,
191,[],Flags(lculated Period'),System('WASP-14'),WASP-14,[],302.0 au,102.210,,,,,,,,,,,,160.0 pc,,,,,System('WASP-14'),"[Star('WASP-14 A'), Star('WASP-14 B')]","[Star('WASP-14 A'), Star('WASP-14 B')]",,,,,
192,"['KELT-22', 'WDS J23366-3437', 'CCDM J23367-3437']",Flags(lculated Period'),System('WASP-173'),WASP-173,[],1400.0 au,110.1,,,,,,,,,,,,230.0 pc,,,,,System('WASP-173'),"[Star('WASP-173 A'), Star('WASP-173 B')]","[Star('WASP-173 A'), Star('WASP-173 B')]",,,,,
193,[],Flags(lculated Period'),System('WASP-180'),,[],,,,,,,,,,,,,,255.8 pc,,,,,System('WASP-180'),"[Star('WASP-180 A'), Star('WASP-180 B')]","[Star('WASP-180 A'), Star('WASP-180 B')]",,1200,,,
194,[],Flags(lculated Period'),System('WASP-1'),WASP-1,[],1587.0 au,1.953,,,,,,,,,,,,380.0 pc,,,,,System('WASP-1'),"[Star('WASP-1 A'), Star('WASP-1 B')]","[Star('WASP-1 A'), Star('WASP-1 B')]",,,,,
195,[],Flags(lculated Period'),System('WASP-2'),WASP-2,[],125.0 au,104.7,,,,,,,,,,,,165.8 pc,,,,,System('WASP-2'),"[Star('WASP-2'), Star('WASP-2 B')]","[Star('WASP-2'), Star('WASP-2 B')]",,,,,
196,[],Flags(lculated Period'),System('WASP-3'),WASP-3,[],299.0 au,87.070,,,,,,,,,,,,220.0 pc,,,,,System('WASP-3'),"[Star('WASP-3 A'), Star('WASP-3 B')]","[Star('WASP-3 A'), Star('WASP-3 B')]",,,,,
197,[],Flags(lculated Period'),System('WASP-70'),WASP-70,[],800.0 au,167,,,10.79,9.71,,10.0,9.58,11.75,,,,245.0 pc,,,,,System('WASP-70'),"[Star('WASP-70 A'), Star('WASP-70 B')]","[Star('WASP-70 A'), Star('WASP-70 B')]",,,,,
198,[],Flags(lculated Period'),System('WASP-77'),,[],300.0 au,150,,,,,,,,,,,,93.0 pc,,,,,System('WASP-77'),"[Star('WASP-77 A'), Star('WASP-77 B')]","[Star('WASP-77 A'), Star('WASP-77 B')]",,,,,
199,[],Flags(lculated Period'),System('WASP-85'),,[],,99.6,,,,,,,,,,,,128.0 pc,,,,,System('WASP-85'),"[Star('WASP-85 A'), Star('WASP-85 B')]","[Star('WASP-85 A'), Star('WASP-85 B')]",,,,,
200,['WDS J23596-3502'],Flags(lculated Period'),System('WASP-8'),WASP-8,[],,170.948,,,,,,,,,,,,89.3 pc,,,,,System('WASP-8'),"[Star('WASP-8 A'), Star('WASP-8 B')]","[Star('WASP-8 A'), Star('WASP-8 B')]",,,,,
201,[],Flags(lculated Period'),System('WASP-94'),,[],2700.0 au,,,,,,,,,,,,,180.0 pc,,,,,System('WASP-94'),"[Star('WASP-94 A'), Star('WASP-94 B')]","[Star('WASP-94 A'), Star('WASP-94 B')]",,,,,
